{
    "coord": {
        "lon": -74.006,
        "lat": 40.7143
    },
    "weather": [
        {
            "id": 804,
            "main": "Clouds",
            "description": "overcast clouds",
            "icon": "04d"
        }
    ],
    "base": "stations",
    "main": {
        "temp": 3.42,
        "feels_like": 0.51,
        "temp_min": 1.36,
        "temp_max": 5.28,
        "pressure": 1015,
        "humidity": 73
    },
    "visibility": 10000,
    "wind": {
        "speed": 3.13,
        "deg": 274,
        "gust": 4.92
    },
    "clouds": {
        "all": 90
    },
    "dt": 1638298034,
    "sys": {
        "type": 2,
        "id": 2039034,
        "country": "US",
        "sunrise": 1638273608,
        "sunset": 1638307792
    },
    "timezone": -18000,
    "id": 5128581,
    "name": "New York",
    "cod": 200
}
